-- phpMyAdmin SQL Dump
-- version 5.2.1
-- https://www.phpmyadmin.net/
--
-- Host: 127.0.0.1
-- Generation Time: Aug 04, 2025 at 05:06 PM
-- Server version: 10.4.32-MariaDB
-- PHP Version: 8.0.30

SET SQL_MODE = "NO_AUTO_VALUE_ON_ZERO";
START TRANSACTION;
SET time_zone = "+00:00";


/*!40101 SET @OLD_CHARACTER_SET_CLIENT=@@CHARACTER_SET_CLIENT */;
/*!40101 SET @OLD_CHARACTER_SET_RESULTS=@@CHARACTER_SET_RESULTS */;
/*!40101 SET @OLD_COLLATION_CONNECTION=@@COLLATION_CONNECTION */;
/*!40101 SET NAMES utf8mb4 */;

--
-- Database: `sia`
--

-- --------------------------------------------------------

--
-- Table structure for table `absensi`
--

CREATE TABLE `absensi` (
  `id` int(11) NOT NULL,
  `karyawan_id` int(11) NOT NULL,
  `tanggal` date NOT NULL,
  `jam_masuk` time DEFAULT NULL,
  `status` enum('hadir','telat','izin','alpha') DEFAULT 'hadir',
  `created_at` datetime DEFAULT current_timestamp()
) ENGINE=InnoDB DEFAULT CHARSET=utf8mb4 COLLATE=utf8mb4_general_ci;

--
-- Dumping data for table `absensi`
--

INSERT INTO `absensi` (`id`, `karyawan_id`, `tanggal`, `jam_masuk`, `status`, `created_at`) VALUES
(1, 100, '2025-08-01', '00:00:00', 'hadir', '2025-08-01 12:59:39'),
(2, 105, '2025-06-24', '09:08:00', 'hadir', '2025-08-01 12:59:39'),
(3, 105, '2025-06-25', '08:59:00', 'hadir', '2025-08-01 12:59:39'),
(4, 105, '2025-06-26', '09:02:00', 'hadir', '2025-08-01 12:59:39'),
(5, 105, '2025-06-30', '09:01:00', 'hadir', '2025-08-01 12:59:39'),
(6, 105, '2025-07-01', '09:02:00', 'hadir', '2025-08-01 12:59:39'),
(7, 105, '2025-07-02', '09:11:00', 'hadir', '2025-08-01 12:59:39'),
(8, 105, '2025-07-03', '09:18:00', 'telat', '2025-08-01 12:59:39'),
(9, 105, '2025-07-04', '08:59:00', 'hadir', '2025-08-01 12:59:39'),
(10, 105, '2025-07-07', '08:55:00', 'hadir', '2025-08-01 12:59:39'),
(11, 105, '2025-07-08', '10:01:00', 'telat', '2025-08-01 12:59:39'),
(12, 105, '2025-07-09', '08:57:00', 'hadir', '2025-08-01 12:59:39'),
(13, 105, '2025-07-10', '09:56:00', 'telat', '2025-08-01 12:59:39'),
(14, 105, '2025-07-11', '09:07:00', 'hadir', '2025-08-01 12:59:39'),
(15, 105, '2025-07-14', '08:49:00', 'hadir', '2025-08-01 12:59:39'),
(16, 105, '2025-07-15', '08:57:00', 'hadir', '2025-08-01 12:59:39'),
(17, 105, '2025-07-16', '08:52:00', 'hadir', '2025-08-01 12:59:39'),
(18, 105, '2025-07-17', '09:02:00', 'hadir', '2025-08-01 12:59:39'),
(19, 107, '2025-06-20', '18:59:00', 'telat', '2025-08-01 12:59:39'),
(20, 107, '2025-06-23', '07:45:00', 'hadir', '2025-08-01 12:59:39'),
(21, 107, '2025-06-23', '19:13:00', 'telat', '2025-08-01 12:59:39'),
(22, 107, '2025-06-24', '07:51:00', 'hadir', '2025-08-01 12:59:39'),
(23, 107, '2025-06-24', '19:07:00', 'telat', '2025-08-01 12:59:39'),
(24, 107, '2025-06-25', '07:56:00', 'hadir', '2025-08-01 12:59:39'),
(25, 107, '2025-06-25', '08:06:00', 'hadir', '2025-08-01 12:59:39'),
(26, 107, '2025-06-25', '18:49:00', 'telat', '2025-08-01 12:59:39'),
(27, 107, '2025-06-26', '07:54:00', 'hadir', '2025-08-01 12:59:39'),
(28, 107, '2025-06-26', '19:38:00', 'telat', '2025-08-01 12:59:39'),
(29, 107, '2025-06-30', '07:33:00', 'hadir', '2025-08-01 12:59:39'),
(30, 107, '2025-06-30', '19:02:00', 'telat', '2025-08-01 12:59:39'),
(31, 107, '2025-07-01', '08:09:00', 'hadir', '2025-08-01 12:59:39'),
(32, 107, '2025-07-01', '19:36:00', 'telat', '2025-08-01 12:59:39'),
(33, 107, '2025-07-02', '07:56:00', 'hadir', '2025-08-01 12:59:39'),
(34, 107, '2025-07-02', '18:43:00', 'telat', '2025-08-01 12:59:39'),
(35, 107, '2025-07-03', '07:57:00', 'hadir', '2025-08-01 12:59:39'),
(36, 107, '2025-07-03', '21:55:00', 'telat', '2025-08-01 12:59:39'),
(37, 107, '2025-07-04', '08:02:00', 'hadir', '2025-08-01 12:59:39'),
(38, 107, '2025-07-04', '20:49:00', 'telat', '2025-08-01 12:59:39'),
(39, 107, '2025-07-07', '07:59:00', 'hadir', '2025-08-01 12:59:39'),
(40, 107, '2025-07-07', '22:44:00', 'telat', '2025-08-01 12:59:39'),
(41, 107, '2025-07-08', '08:01:00', 'hadir', '2025-08-01 12:59:39'),
(42, 107, '2025-07-08', '18:47:00', 'telat', '2025-08-01 12:59:39'),
(43, 107, '2025-07-09', '07:59:00', 'hadir', '2025-08-01 12:59:39'),
(44, 107, '2025-07-09', '18:59:00', 'telat', '2025-08-01 12:59:39'),
(45, 107, '2025-07-10', '07:59:00', 'hadir', '2025-08-01 12:59:39'),
(46, 107, '2025-07-10', '18:56:00', 'telat', '2025-08-01 12:59:39'),
(47, 107, '2025-07-11', '08:01:00', 'hadir', '2025-08-01 12:59:39'),
(48, 107, '2025-07-11', '19:29:00', 'telat', '2025-08-01 12:59:39'),
(49, 107, '2025-07-14', '07:55:00', 'hadir', '2025-08-01 12:59:39'),
(50, 107, '2025-07-14', '19:20:00', 'telat', '2025-08-01 12:59:39'),
(51, 107, '2025-07-15', '07:56:00', 'hadir', '2025-08-01 12:59:39'),
(52, 107, '2025-07-15', '23:08:00', 'telat', '2025-08-01 12:59:39'),
(53, 107, '2025-07-16', '08:11:00', 'hadir', '2025-08-01 12:59:39'),
(54, 107, '2025-07-16', '19:25:00', 'telat', '2025-08-01 12:59:39'),
(55, 107, '2025-07-17', '07:58:00', 'hadir', '2025-08-01 12:59:39'),
(56, 107, '2025-07-17', '19:13:00', 'telat', '2025-08-01 12:59:39'),
(57, 107, '2025-07-18', '08:05:00', 'hadir', '2025-08-01 12:59:39'),
(58, 107, '2025-07-18', '19:05:00', 'telat', '2025-08-01 12:59:39'),
(59, 125, '2025-06-20', '09:16:00', 'telat', '2025-08-01 12:59:39'),
(60, 125, '2025-06-23', '09:32:00', 'telat', '2025-08-01 12:59:39'),
(61, 125, '2025-06-23', '09:33:00', 'telat', '2025-08-01 12:59:39'),
(62, 125, '2025-06-24', '09:13:00', 'hadir', '2025-08-01 12:59:39'),
(63, 125, '2025-06-24', '09:29:00', 'telat', '2025-08-01 12:59:39'),
(64, 125, '2025-06-25', '09:43:00', 'telat', '2025-08-01 12:59:39'),
(65, 125, '2025-06-26', '08:59:00', 'hadir', '2025-08-01 12:59:39'),
(66, 125, '2025-06-30', '08:44:00', 'hadir', '2025-08-01 12:59:39'),
(67, 125, '2025-07-01', '09:36:00', 'telat', '2025-08-01 12:59:39'),
(68, 125, '2025-07-02', '08:58:00', 'hadir', '2025-08-01 12:59:39'),
(69, 125, '2025-07-03', '09:22:00', 'telat', '2025-08-01 12:59:39'),
(70, 125, '2025-07-04', '09:22:00', 'telat', '2025-08-01 12:59:39'),
(71, 125, '2025-07-07', '08:47:00', 'hadir', '2025-08-01 12:59:39'),
(72, 125, '2025-07-08', '10:07:00', 'telat', '2025-08-01 12:59:39'),
(73, 125, '2025-07-09', '09:08:00', 'hadir', '2025-08-01 12:59:39'),
(74, 125, '2025-07-10', '09:10:00', 'hadir', '2025-08-01 12:59:39'),
(75, 125, '2025-07-11', '09:13:00', 'hadir', '2025-08-01 12:59:39'),
(76, 125, '2025-07-14', '09:14:00', 'hadir', '2025-08-01 12:59:39'),
(77, 125, '2025-07-15', '08:59:00', 'hadir', '2025-08-01 12:59:39'),
(78, 125, '2025-07-16', '09:05:00', 'hadir', '2025-08-01 12:59:39'),
(79, 125, '2025-07-17', '09:22:00', 'telat', '2025-08-01 12:59:39'),
(80, 125, '2025-07-18', '09:23:00', 'telat', '2025-08-01 12:59:39'),
(81, 136, '2025-06-20', '09:16:00', 'telat', '2025-08-01 12:59:39'),
(82, 136, '2025-06-23', '09:31:00', 'telat', '2025-08-01 12:59:39'),
(83, 136, '2025-06-24', '09:13:00', 'hadir', '2025-08-01 12:59:39'),
(84, 136, '2025-06-25', '09:43:00', 'telat', '2025-08-01 12:59:39'),
(85, 136, '2025-06-26', '08:59:00', 'hadir', '2025-08-01 12:59:39'),
(86, 136, '2025-06-30', '08:44:00', 'hadir', '2025-08-01 12:59:39'),
(87, 136, '2025-07-01', '10:59:00', 'telat', '2025-08-01 12:59:39'),
(88, 136, '2025-07-02', '08:58:00', 'hadir', '2025-08-01 12:59:39'),
(89, 136, '2025-07-03', '09:22:00', 'telat', '2025-08-01 12:59:39'),
(90, 136, '2025-07-04', '09:22:00', 'telat', '2025-08-01 12:59:39'),
(91, 136, '2025-07-07', '12:47:00', 'telat', '2025-08-01 12:59:39'),
(92, 136, '2025-07-08', '10:07:00', 'telat', '2025-08-01 12:59:39'),
(93, 136, '2025-07-09', '09:08:00', 'hadir', '2025-08-01 12:59:39'),
(94, 136, '2025-07-10', '09:10:00', 'hadir', '2025-08-01 12:59:39'),
(95, 136, '2025-07-11', '09:13:00', 'hadir', '2025-08-01 12:59:39'),
(96, 136, '2025-07-14', '13:04:00', 'telat', '2025-08-01 12:59:39'),
(97, 136, '2025-07-15', '08:59:00', 'hadir', '2025-08-01 12:59:39'),
(98, 136, '2025-07-16', '09:05:00', 'hadir', '2025-08-01 12:59:39'),
(99, 136, '2025-07-17', '09:22:00', 'telat', '2025-08-01 12:59:39'),
(100, 136, '2025-07-18', '09:23:00', 'telat', '2025-08-01 12:59:39'),
(101, 151, '2025-06-20', '09:11:00', 'hadir', '2025-08-01 12:59:39'),
(102, 151, '2025-06-23', '09:17:00', 'telat', '2025-08-01 12:59:39'),
(103, 151, '2025-06-24', '09:03:00', 'hadir', '2025-08-01 12:59:39'),
(104, 151, '2025-06-25', '09:07:00', 'hadir', '2025-08-01 12:59:39'),
(105, 151, '2025-06-26', '09:16:00', 'telat', '2025-08-01 12:59:39'),
(106, 151, '2025-06-30', '09:11:00', 'hadir', '2025-08-01 12:59:39'),
(107, 151, '2025-07-02', '09:05:00', 'hadir', '2025-08-01 12:59:39'),
(108, 151, '2025-07-03', '09:42:00', 'telat', '2025-08-01 12:59:39'),
(109, 151, '2025-07-04', '09:14:00', 'hadir', '2025-08-01 12:59:39'),
(110, 151, '2025-07-07', '09:14:00', 'hadir', '2025-08-01 12:59:39'),
(111, 151, '2025-07-08', '09:19:00', 'telat', '2025-08-01 12:59:39'),
(112, 151, '2025-07-09', '09:08:00', 'hadir', '2025-08-01 12:59:39'),
(113, 151, '2025-07-10', '09:07:00', 'hadir', '2025-08-01 12:59:39'),
(114, 151, '2025-07-11', '09:17:00', 'telat', '2025-08-01 12:59:39'),
(115, 151, '2025-07-14', '09:10:00', 'hadir', '2025-08-01 12:59:39'),
(116, 151, '2025-07-15', '09:11:00', 'hadir', '2025-08-01 12:59:39'),
(117, 151, '2025-07-16', '09:09:00', 'hadir', '2025-08-01 12:59:39'),
(118, 151, '2025-07-18', '09:17:00', 'telat', '2025-08-01 12:59:39'),
(119, 167, '2025-06-20', '09:36:00', 'telat', '2025-08-01 12:59:39'),
(120, 167, '2025-06-23', '10:01:00', 'telat', '2025-08-01 12:59:39'),
(121, 167, '2025-06-24', '09:25:00', 'telat', '2025-08-01 12:59:39'),
(122, 167, '2025-06-25', '09:10:00', 'hadir', '2025-08-01 12:59:39'),
(123, 167, '2025-06-26', '09:34:00', 'telat', '2025-08-01 12:59:39'),
(124, 167, '2025-06-30', '09:21:00', 'telat', '2025-08-01 12:59:39'),
(125, 167, '2025-07-01', '09:08:00', 'hadir', '2025-08-01 12:59:39'),
(126, 167, '2025-07-02', '09:11:00', 'hadir', '2025-08-01 12:59:39'),
(127, 167, '2025-07-03', '09:22:00', 'telat', '2025-08-01 12:59:39'),
(128, 167, '2025-07-04', '09:11:00', 'hadir', '2025-08-01 12:59:39'),
(129, 167, '2025-07-07', '09:13:00', 'hadir', '2025-08-01 12:59:39'),
(130, 167, '2025-07-08', '09:21:00', 'telat', '2025-08-01 12:59:39'),
(131, 167, '2025-07-09', '09:06:00', 'hadir', '2025-08-01 12:59:39'),
(132, 167, '2025-07-14', '09:08:00', 'hadir', '2025-08-01 12:59:39'),
(133, 167, '2025-07-15', '09:35:00', 'telat', '2025-08-01 12:59:39'),
(134, 167, '2025-07-16', '09:13:00', 'hadir', '2025-08-01 12:59:39'),
(135, 167, '2025-07-17', '09:11:00', 'hadir', '2025-08-01 12:59:39'),
(136, 167, '2025-07-18', '09:05:00', 'hadir', '2025-08-01 12:59:39'),
(137, 178, '2025-06-23', '09:17:00', 'telat', '2025-08-01 12:59:39'),
(138, 178, '2025-06-24', '09:04:00', 'hadir', '2025-08-01 12:59:39'),
(139, 178, '2025-06-25', '09:00:00', 'hadir', '2025-08-01 12:59:39'),
(140, 178, '2025-06-30', '08:44:00', 'hadir', '2025-08-01 12:59:39'),
(141, 178, '2025-07-01', '09:14:00', 'hadir', '2025-08-01 12:59:39'),
(142, 178, '2025-07-02', '08:51:00', 'hadir', '2025-08-01 12:59:39'),
(143, 178, '2025-07-04', '09:09:00', 'hadir', '2025-08-01 12:59:39'),
(144, 178, '2025-07-07', '08:59:00', 'hadir', '2025-08-01 12:59:39'),
(145, 178, '2025-07-08', '08:55:00', 'hadir', '2025-08-01 12:59:39'),
(146, 178, '2025-07-09', '09:09:00', 'hadir', '2025-08-01 12:59:39'),
(147, 178, '2025-07-10', '08:59:00', 'hadir', '2025-08-01 12:59:39'),
(148, 178, '2025-07-11', '08:57:00', 'hadir', '2025-08-01 12:59:39'),
(149, 178, '2025-07-14', '08:59:00', 'hadir', '2025-08-01 12:59:39'),
(150, 178, '2025-07-15', '08:53:00', 'hadir', '2025-08-01 12:59:39'),
(151, 178, '2025-07-16', '09:05:00', 'hadir', '2025-08-01 12:59:39'),
(152, 178, '2025-07-17', '09:07:00', 'hadir', '2025-08-01 12:59:39'),
(153, 178, '2025-07-18', '08:55:00', 'hadir', '2025-08-01 12:59:39'),
(154, 180, '2025-06-20', '10:00:00', 'telat', '2025-08-01 12:59:39'),
(155, 180, '2025-06-23', '08:44:00', 'hadir', '2025-08-01 12:59:39'),
(156, 180, '2025-06-24', '09:19:00', 'telat', '2025-08-01 12:59:39'),
(157, 180, '2025-06-25', '09:51:00', 'telat', '2025-08-01 12:59:39'),
(158, 180, '2025-06-26', '09:19:00', 'telat', '2025-08-01 12:59:39'),
(159, 180, '2025-06-30', '08:58:00', 'hadir', '2025-08-01 12:59:39'),
(160, 180, '2025-07-01', '09:13:00', 'hadir', '2025-08-01 12:59:39'),
(161, 180, '2025-07-02', '09:12:00', 'hadir', '2025-08-01 12:59:39'),
(162, 180, '2025-07-03', '09:16:00', 'telat', '2025-08-01 12:59:39'),
(163, 180, '2025-07-04', '09:27:00', 'telat', '2025-08-01 12:59:39'),
(164, 180, '2025-07-07', '08:56:00', 'hadir', '2025-08-01 12:59:39'),
(165, 180, '2025-07-08', '09:17:00', 'telat', '2025-08-01 12:59:39'),
(166, 180, '2025-07-09', '09:06:00', 'hadir', '2025-08-01 12:59:39'),
(167, 180, '2025-07-10', '08:39:00', 'hadir', '2025-08-01 12:59:39'),
(168, 180, '2025-07-11', '09:32:00', 'telat', '2025-08-01 12:59:39'),
(169, 180, '2025-07-14', '09:09:00', 'hadir', '2025-08-01 12:59:39'),
(170, 180, '2025-07-15', '09:53:00', 'telat', '2025-08-01 12:59:39'),
(171, 180, '2025-07-16', '09:13:00', 'hadir', '2025-08-01 12:59:39'),
(172, 180, '2025-07-17', '09:17:00', 'telat', '2025-08-01 12:59:39'),
(173, 180, '2025-07-18', '09:11:00', 'hadir', '2025-08-01 12:59:39'),
(174, 233, '2025-06-30', '11:53:00', 'telat', '2025-08-01 12:59:39'),
(175, 233, '2025-07-01', '09:02:00', 'hadir', '2025-08-01 12:59:39'),
(176, 233, '2025-07-02', '09:11:00', 'hadir', '2025-08-01 12:59:39'),
(177, 233, '2025-07-03', '09:25:00', 'telat', '2025-08-01 12:59:39'),
(178, 233, '2025-07-04', '09:00:00', 'hadir', '2025-08-01 12:59:39'),
(179, 233, '2025-07-07', '09:22:00', 'telat', '2025-08-01 12:59:39'),
(180, 233, '2025-07-08', '09:00:00', 'hadir', '2025-08-01 12:59:39'),
(181, 233, '2025-07-09', '09:09:00', 'hadir', '2025-08-01 12:59:39'),
(182, 233, '2025-07-10', '08:59:00', 'hadir', '2025-08-01 12:59:39'),
(183, 233, '2025-07-11', '09:08:00', 'hadir', '2025-08-01 12:59:39'),
(184, 233, '2025-07-14', '09:00:00', 'hadir', '2025-08-01 12:59:39'),
(185, 233, '2025-07-15', '09:12:00', 'hadir', '2025-08-01 12:59:39'),
(186, 233, '2025-07-16', '10:22:00', 'telat', '2025-08-01 12:59:39'),
(187, 233, '2025-07-17', '09:10:00', 'hadir', '2025-08-01 12:59:39'),
(188, 233, '2025-07-18', '09:14:00', 'hadir', '2025-08-01 12:59:39'),
(189, 236, '2025-06-20', '09:15:00', 'hadir', '2025-08-01 12:59:39'),
(190, 236, '2025-06-23', '09:33:00', 'telat', '2025-08-01 12:59:39'),
(191, 236, '2025-06-24', '11:12:00', 'telat', '2025-08-01 12:59:39'),
(192, 236, '2025-06-25', '09:46:00', 'telat', '2025-08-01 12:59:39'),
(193, 236, '2025-06-26', '09:15:00', 'hadir', '2025-08-01 12:59:39'),
(194, 236, '2025-06-30', '09:14:00', 'hadir', '2025-08-01 12:59:39'),
(195, 236, '2025-07-01', '09:36:00', 'telat', '2025-08-01 12:59:39'),
(196, 236, '2025-07-02', '09:07:00', 'hadir', '2025-08-01 12:59:39'),
(197, 236, '2025-07-03', '09:22:00', 'telat', '2025-08-01 12:59:39'),
(198, 236, '2025-07-04', '09:10:00', 'hadir', '2025-08-01 12:59:39'),
(199, 236, '2025-07-07', '09:10:00', 'hadir', '2025-08-01 12:59:39'),
(200, 236, '2025-07-08', '10:09:00', 'telat', '2025-08-01 12:59:39'),
(201, 236, '2025-07-09', '09:36:00', 'telat', '2025-08-01 12:59:39'),
(202, 236, '2025-07-10', '09:15:00', 'hadir', '2025-08-01 12:59:39'),
(203, 236, '2025-07-11', '09:20:00', 'telat', '2025-08-01 12:59:39'),
(204, 236, '2025-07-14', '09:49:00', 'telat', '2025-08-01 12:59:39'),
(205, 236, '2025-07-15', '09:42:00', 'telat', '2025-08-01 12:59:39'),
(206, 236, '2025-07-16', '09:14:00', 'hadir', '2025-08-01 12:59:39'),
(207, 236, '2025-07-17', '09:40:00', 'telat', '2025-08-01 12:59:39'),
(208, 236, '2025-07-18', '09:25:00', 'telat', '2025-08-01 12:59:39'),
(209, 245, '2025-06-23', '08:48:00', 'hadir', '2025-08-01 12:59:39'),
(210, 245, '2025-06-25', '08:42:00', 'hadir', '2025-08-01 12:59:39'),
(211, 245, '2025-06-26', '08:48:00', 'hadir', '2025-08-01 12:59:39'),
(212, 245, '2025-06-30', '08:51:00', 'hadir', '2025-08-01 12:59:39'),
(213, 245, '2025-07-01', '08:48:00', 'hadir', '2025-08-01 12:59:39'),
(214, 245, '2025-07-02', '10:50:00', 'telat', '2025-08-01 12:59:39'),
(215, 245, '2025-07-03', '08:52:00', 'hadir', '2025-08-01 12:59:39'),
(216, 245, '2025-07-04', '08:50:00', 'hadir', '2025-08-01 12:59:39'),
(217, 245, '2025-07-07', '08:49:00', 'hadir', '2025-08-01 12:59:39'),
(218, 245, '2025-07-08', '08:54:00', 'hadir', '2025-08-01 12:59:39'),
(219, 245, '2025-07-09', '08:55:00', 'hadir', '2025-08-01 12:59:39'),
(220, 245, '2025-07-10', '08:46:00', 'hadir', '2025-08-01 12:59:39'),
(221, 245, '2025-07-11', '08:49:00', 'hadir', '2025-08-01 12:59:39'),
(222, 245, '2025-07-14', '09:00:00', 'hadir', '2025-08-01 12:59:39'),
(223, 245, '2025-07-17', '08:49:00', 'hadir', '2025-08-01 12:59:39'),
(224, 249, '2025-06-20', '09:00:00', 'hadir', '2025-08-01 12:59:39'),
(225, 249, '2025-06-23', '09:07:00', 'hadir', '2025-08-01 12:59:39'),
(226, 249, '2025-06-24', '09:09:00', 'hadir', '2025-08-01 12:59:39'),
(227, 249, '2025-06-25', '09:00:00', 'hadir', '2025-08-01 12:59:39'),
(228, 249, '2025-06-26', '09:08:00', 'hadir', '2025-08-01 12:59:39'),
(229, 249, '2025-06-30', '08:58:00', 'hadir', '2025-08-01 12:59:39'),
(230, 249, '2025-07-01', '08:58:00', 'hadir', '2025-08-01 12:59:39'),
(231, 249, '2025-07-02', '09:10:00', 'hadir', '2025-08-01 12:59:39'),
(232, 249, '2025-07-03', '09:05:00', 'hadir', '2025-08-01 12:59:39'),
(233, 249, '2025-07-04', '09:04:00', 'hadir', '2025-08-01 12:59:39'),
(234, 249, '2025-07-07', '09:08:00', 'hadir', '2025-08-01 12:59:39'),
(235, 249, '2025-07-08', '09:02:00', 'hadir', '2025-08-01 12:59:39'),
(236, 249, '2025-07-09', '09:13:00', 'hadir', '2025-08-01 12:59:39'),
(237, 249, '2025-07-10', '09:06:00', 'hadir', '2025-08-01 12:59:39'),
(238, 249, '2025-07-11', '09:09:00', 'hadir', '2025-08-01 12:59:39'),
(239, 249, '2025-07-14', '10:20:00', 'telat', '2025-08-01 12:59:39'),
(240, 249, '2025-07-15', '09:14:00', 'hadir', '2025-08-01 12:59:39'),
(241, 249, '2025-07-16', '09:07:00', 'hadir', '2025-08-01 12:59:39'),
(242, 249, '2025-07-17', '09:10:00', 'hadir', '2025-08-01 12:59:39'),
(243, 249, '2025-07-18', '09:07:00', 'hadir', '2025-08-01 12:59:39'),
(244, 250, '2025-06-23', '08:49:00', 'hadir', '2025-08-01 12:59:39'),
(245, 250, '2025-06-24', '08:42:00', 'hadir', '2025-08-01 12:59:39'),
(246, 250, '2025-06-25', '08:46:00', 'hadir', '2025-08-01 12:59:39'),
(247, 250, '2025-06-26', '08:34:00', 'hadir', '2025-08-01 12:59:39'),
(248, 250, '2025-06-30', '08:31:00', 'hadir', '2025-08-01 12:59:39'),
(249, 250, '2025-07-01', '08:25:00', 'hadir', '2025-08-01 12:59:39'),
(250, 250, '2025-07-02', '09:07:00', 'hadir', '2025-08-01 12:59:39'),
(251, 250, '2025-07-03', '08:35:00', 'hadir', '2025-08-01 12:59:39'),
(252, 250, '2025-07-04', '08:49:00', 'hadir', '2025-08-01 12:59:39'),
(253, 250, '2025-07-07', '08:49:00', 'hadir', '2025-08-01 12:59:39'),
(254, 250, '2025-07-09', '08:54:00', 'hadir', '2025-08-01 12:59:39'),
(255, 250, '2025-07-10', '08:42:00', 'hadir', '2025-08-01 12:59:39'),
(256, 250, '2025-07-11', '08:34:00', 'hadir', '2025-08-01 12:59:39'),
(257, 250, '2025-07-15', '08:29:00', 'hadir', '2025-08-01 12:59:39'),
(258, 250, '2025-07-16', '08:55:00', 'hadir', '2025-08-01 12:59:39'),
(259, 250, '2025-07-17', '09:04:00', 'hadir', '2025-08-01 12:59:39'),
(260, 250, '2025-07-18', '08:57:00', 'hadir', '2025-08-01 12:59:39'),
(261, 251, '2025-06-23', '09:10:00', 'hadir', '2025-08-01 12:59:39'),
(262, 251, '2025-06-24', '08:31:00', 'hadir', '2025-08-01 12:59:39'),
(263, 251, '2025-06-25', '08:55:00', 'hadir', '2025-08-01 12:59:39'),
(264, 251, '2025-06-26', '08:54:00', 'hadir', '2025-08-01 12:59:39'),
(265, 253, '2025-06-23', '08:43:00', 'hadir', '2025-08-01 12:59:39'),
(266, 253, '2025-06-24', '09:04:00', 'hadir', '2025-08-01 12:59:39'),
(267, 253, '2025-06-25', '09:00:00', 'hadir', '2025-08-01 12:59:39'),
(268, 253, '2025-06-26', '09:15:00', 'hadir', '2025-08-01 12:59:39'),
(269, 253, '2025-06-30', '08:44:00', 'hadir', '2025-08-01 12:59:39'),
(270, 253, '2025-07-01', '09:14:00', 'hadir', '2025-08-01 12:59:39'),
(271, 253, '2025-07-02', '08:50:00', 'hadir', '2025-08-01 12:59:39'),
(272, 253, '2025-07-03', '09:13:00', 'hadir', '2025-08-01 12:59:39'),
(273, 253, '2025-07-04', '09:10:00', 'hadir', '2025-08-01 12:59:39'),
(274, 253, '2025-07-07', '08:59:00', 'hadir', '2025-08-01 12:59:39'),
(275, 253, '2025-07-08', '08:55:00', 'hadir', '2025-08-01 12:59:39'),
(276, 253, '2025-07-09', '09:09:00', 'hadir', '2025-08-01 12:59:39'),
(277, 253, '2025-07-10', '08:59:00', 'hadir', '2025-08-01 12:59:39'),
(278, 253, '2025-07-11', '14:40:00', 'telat', '2025-08-01 12:59:39'),
(279, 253, '2025-07-14', '09:00:00', 'hadir', '2025-08-01 12:59:39'),
(280, 253, '2025-07-15', '08:53:00', 'hadir', '2025-08-01 12:59:39'),
(281, 253, '2025-07-16', '09:05:00', 'hadir', '2025-08-01 12:59:39'),
(282, 253, '2025-07-17', '09:07:00', 'hadir', '2025-08-01 12:59:39'),
(283, 253, '2025-07-18', '08:56:00', 'hadir', '2025-08-01 12:59:39'),
(284, 254, '2025-06-23', '08:26:00', 'hadir', '2025-08-01 12:59:39'),
(285, 254, '2025-06-24', '08:34:00', 'hadir', '2025-08-01 12:59:39'),
(286, 254, '2025-06-25', '08:39:00', 'hadir', '2025-08-01 12:59:39'),
(287, 254, '2025-06-26', '08:38:00', 'hadir', '2025-08-01 12:59:39'),
(288, 254, '2025-07-01', '08:48:00', 'hadir', '2025-08-01 12:59:39'),
(289, 254, '2025-07-02', '09:05:00', 'hadir', '2025-08-01 12:59:39'),
(290, 254, '2025-07-03', '08:46:00', 'hadir', '2025-08-01 12:59:39'),
(291, 254, '2025-07-04', '09:05:00', 'hadir', '2025-08-01 12:59:39'),
(292, 254, '2025-07-07', '09:04:00', 'hadir', '2025-08-01 12:59:39'),
(293, 254, '2025-07-08', '09:06:00', 'hadir', '2025-08-01 12:59:39'),
(294, 254, '2025-07-09', '08:43:00', 'hadir', '2025-08-01 12:59:39'),
(295, 254, '2025-07-10', '08:26:00', 'hadir', '2025-08-01 12:59:39'),
(296, 254, '2025-07-11', '08:56:00', 'hadir', '2025-08-01 12:59:39'),
(297, 254, '2025-07-11', '09:00:00', 'hadir', '2025-08-01 12:59:39'),
(298, 254, '2025-07-14', '08:37:00', 'hadir', '2025-08-01 12:59:39'),
(299, 254, '2025-07-15', '08:32:00', 'hadir', '2025-08-01 12:59:39'),
(300, 254, '2025-07-16', '08:54:00', 'hadir', '2025-08-01 12:59:39'),
(301, 254, '2025-07-17', '08:43:00', 'hadir', '2025-08-01 12:59:39'),
(302, 254, '2025-07-18', '08:59:00', 'hadir', '2025-08-01 12:59:39'),
(303, 258, '2025-06-23', '09:01:00', 'hadir', '2025-08-01 12:59:39'),
(304, 258, '2025-06-25', '08:39:00', 'hadir', '2025-08-01 12:59:39'),
(305, 258, '2025-06-26', '08:39:00', 'hadir', '2025-08-01 12:59:39'),
(306, 258, '2025-06-30', '08:27:00', 'hadir', '2025-08-01 12:59:39'),
(307, 258, '2025-07-01', '08:36:00', 'hadir', '2025-08-01 12:59:39'),
(308, 258, '2025-07-02', '08:42:00', 'hadir', '2025-08-01 12:59:39'),
(309, 258, '2025-07-03', '08:42:00', 'hadir', '2025-08-01 12:59:39'),
(310, 258, '2025-07-07', '08:49:00', 'hadir', '2025-08-01 12:59:39'),
(311, 258, '2025-07-08', '09:57:00', 'telat', '2025-08-01 12:59:39'),
(312, 258, '2025-07-11', '08:30:00', 'hadir', '2025-08-01 12:59:39'),
(313, 258, '2025-07-11', '09:04:00', 'hadir', '2025-08-01 12:59:39'),
(314, 259, '2025-06-20', '09:03:00', 'hadir', '2025-08-01 12:59:39'),
(315, 260, '2025-06-24', '12:08:00', 'telat', '2025-08-01 12:59:39'),
(316, 260, '2025-06-30', '11:50:00', 'telat', '2025-08-01 12:59:39'),
(317, 260, '2025-07-01', '09:01:00', 'hadir', '2025-08-01 12:59:39'),
(318, 260, '2025-07-02', '09:12:00', 'hadir', '2025-08-01 12:59:39'),
(319, 260, '2025-07-03', '09:25:00', 'telat', '2025-08-01 12:59:39'),
(320, 260, '2025-07-04', '09:00:00', 'hadir', '2025-08-01 12:59:39'),
(321, 260, '2025-07-07', '09:22:00', 'telat', '2025-08-01 12:59:39'),
(322, 260, '2025-07-08', '09:00:00', 'hadir', '2025-08-01 12:59:39'),
(323, 260, '2025-07-09', '09:09:00', 'hadir', '2025-08-01 12:59:39'),
(324, 260, '2025-07-10', '08:59:00', 'hadir', '2025-08-01 12:59:39'),
(325, 260, '2025-07-11', '09:08:00', 'hadir', '2025-08-01 12:59:39'),
(326, 260, '2025-07-14', '09:00:00', 'hadir', '2025-08-01 12:59:39'),
(327, 260, '2025-07-15', '09:12:00', 'hadir', '2025-08-01 12:59:39'),
(328, 260, '2025-07-16', '10:22:00', 'telat', '2025-08-01 12:59:39'),
(329, 260, '2025-07-17', '09:12:00', 'hadir', '2025-08-01 12:59:39'),
(330, 260, '2025-07-18', '09:14:00', 'hadir', '2025-08-01 12:59:39'),
(331, 261, '2025-06-26', '09:22:00', 'telat', '2025-08-01 12:59:39'),
(332, 261, '2025-06-30', '08:43:00', 'hadir', '2025-08-01 12:59:39'),
(333, 261, '2025-07-01', '08:36:00', 'hadir', '2025-08-01 12:59:39'),
(334, 261, '2025-07-01', '08:37:00', 'hadir', '2025-08-01 12:59:39'),
(335, 261, '2025-07-02', '08:40:00', 'hadir', '2025-08-01 12:59:39'),
(336, 261, '2025-07-03', '08:22:00', 'hadir', '2025-08-01 12:59:39'),
(337, 261, '2025-07-04', '08:12:00', 'hadir', '2025-08-01 12:59:39'),
(338, 261, '2025-07-07', '08:14:00', 'hadir', '2025-08-01 12:59:39'),
(339, 261, '2025-07-08', '08:21:00', 'hadir', '2025-08-01 12:59:39'),
(340, 261, '2025-07-09', '08:26:00', 'hadir', '2025-08-01 12:59:39'),
(341, 261, '2025-07-10', '08:29:00', 'hadir', '2025-08-01 12:59:39'),
(342, 261, '2025-07-11', '08:31:00', 'hadir', '2025-08-01 12:59:39'),
(343, 261, '2025-07-11', '09:04:00', 'hadir', '2025-08-01 12:59:39'),
(344, 261, '2025-07-14', '08:18:00', 'hadir', '2025-08-01 12:59:39'),
(345, 261, '2025-07-15', '08:23:00', 'hadir', '2025-08-01 12:59:39'),
(346, 261, '2025-07-16', '08:26:00', 'hadir', '2025-08-01 12:59:39'),
(347, 261, '2025-07-17', '08:43:00', 'hadir', '2025-08-01 12:59:39'),
(348, 261, '2025-07-18', '08:33:00', 'hadir', '2025-08-01 12:59:39'),
(349, 262, '2025-06-30', '11:38:00', 'telat', '2025-08-01 12:59:39'),
(350, 262, '2025-07-01', '09:26:00', 'telat', '2025-08-01 12:59:39'),
(351, 262, '2025-07-02', '09:10:00', 'hadir', '2025-08-01 12:59:39'),
(352, 262, '2025-07-08', '10:05:00', 'telat', '2025-08-01 12:59:39'),
(353, 262, '2025-07-08', '17:03:00', 'telat', '2025-08-01 12:59:39'),
(354, 262, '2025-07-09', '09:34:00', 'telat', '2025-08-01 12:59:39'),
(355, 262, '2025-07-10', '09:31:00', 'telat', '2025-08-01 12:59:39'),
(356, 263, '2025-07-10', '15:31:00', 'telat', '2025-08-01 12:59:39'),
(357, 263, '2025-07-11', '09:08:00', 'hadir', '2025-08-01 12:59:39'),
(358, 263, '2025-07-14', '09:00:00', 'hadir', '2025-08-01 12:59:39'),
(359, 263, '2025-07-15', '09:12:00', 'hadir', '2025-08-01 12:59:39'),
(360, 263, '2025-07-16', '10:22:00', 'telat', '2025-08-01 12:59:39'),
(361, 263, '2025-07-17', '09:13:00', 'hadir', '2025-08-01 12:59:39'),
(362, 263, '2025-07-18', '09:17:00', 'telat', '2025-08-01 12:59:39'),
(363, 264, '2025-07-10', '15:34:00', 'telat', '2025-08-01 12:59:39'),
(364, 264, '2025-07-11', '09:08:00', 'hadir', '2025-08-01 12:59:39'),
(365, 264, '2025-07-14', '09:00:00', 'hadir', '2025-08-01 12:59:39'),
(366, 264, '2025-07-15', '09:12:00', 'hadir', '2025-08-01 12:59:39'),
(367, 264, '2025-07-16', '10:22:00', 'telat', '2025-08-01 12:59:39'),
(368, 264, '2025-07-17', '09:10:00', 'hadir', '2025-08-01 12:59:39'),
(369, 264, '2025-07-18', '09:14:00', 'hadir', '2025-08-01 12:59:39'),
(370, 265, '2025-07-10', '15:35:00', 'telat', '2025-08-01 12:59:39'),
(371, 265, '2025-07-11', '09:08:00', 'hadir', '2025-08-01 12:59:39'),
(372, 265, '2025-07-14', '09:00:00', 'hadir', '2025-08-01 12:59:39'),
(373, 265, '2025-07-15', '09:12:00', 'hadir', '2025-08-01 12:59:39'),
(374, 265, '2025-07-16', '10:23:00', 'telat', '2025-08-01 12:59:39'),
(375, 265, '2025-06-20', '09:17:00', 'telat', '2025-08-01 12:59:39');

-- --------------------------------------------------------

--
-- Table structure for table `cash_advance`
--

CREATE TABLE `cash_advance` (
  `id` int(11) NOT NULL,
  `id_karyawan` int(11) DEFAULT NULL,
  `tanggal` date DEFAULT NULL,
  `jumlah` int(11) DEFAULT NULL,
  `keterangan` text DEFAULT NULL
) ENGINE=InnoDB DEFAULT CHARSET=utf8mb4 COLLATE=utf8mb4_general_ci;

-- --------------------------------------------------------

--
-- Table structure for table `fixed_variable_cost`
--

CREATE TABLE `fixed_variable_cost` (
  `id` int(11) NOT NULL,
  `bulan` varchar(20) DEFAULT NULL,
  `tanggal` date DEFAULT NULL,
  `kategori` enum('Fixed','Variable') DEFAULT NULL,
  `keterangan` varchar(255) DEFAULT NULL,
  `nominal` int(11) DEFAULT NULL,
  `source` varchar(50) DEFAULT 'manual',
  `id_pettycash` int(11) DEFAULT NULL
) ENGINE=InnoDB DEFAULT CHARSET=utf8mb4 COLLATE=utf8mb4_general_ci;

--
-- Dumping data for table `fixed_variable_cost`
--

INSERT INTO `fixed_variable_cost` (`id`, `bulan`, `tanggal`, `kategori`, `keterangan`, `nominal`, `source`, `id_pettycash`) VALUES
(16, NULL, '2025-07-19', 'Variable', 'Gaji', 37165000, 'manual', NULL),
(17, NULL, '2025-06-13', 'Variable', 'Uang Ca', 11000000, 'manual', NULL),
(19, NULL, '2025-06-09', 'Variable', 'Komisi', 13372500, 'manual', NULL);

-- --------------------------------------------------------

--
-- Table structure for table `gaji`
--

CREATE TABLE `gaji` (
  `id` int(11) NOT NULL,
  `karyawan_id` varchar(20) NOT NULL,
  `nama` varchar(100) NOT NULL,
  `jabatan` varchar(50) NOT NULL,
  `bulan` varchar(7) NOT NULL,
  `total_telat` int(11) DEFAULT 0,
  `sakit` int(11) DEFAULT 0,
  `total_izin` int(11) DEFAULT 0,
  `gaji_pokok` decimal(12,2) DEFAULT 0.00,
  `insentif_marketing` decimal(12,2) DEFAULT 0.00,
  `insentif` decimal(12,2) DEFAULT 0.00,
  `total_tambahan` decimal(12,2) DEFAULT 0.00,
  `potongan_absen` int(11) DEFAULT 0,
  `total_potongan` int(11) DEFAULT 0,
  `total_gaji` decimal(12,2) DEFAULT 0.00,
  `tanggal_dibuat` datetime DEFAULT current_timestamp()
) ENGINE=InnoDB DEFAULT CHARSET=utf8mb4 COLLATE=utf8mb4_general_ci;

--
-- Dumping data for table `gaji`
--

INSERT INTO `gaji` (`id`, `karyawan_id`, `nama`, `jabatan`, `bulan`, `total_telat`, `sakit`, `total_izin`, `gaji_pokok`, `insentif_marketing`, `insentif`, `total_tambahan`, `potongan_absen`, `total_potongan`, `total_gaji`, `tanggal_dibuat`) VALUES
(1, '5', 'Idharul Huda', 'Kacab', '2025-08', 0, 0, 0, 15000000.00, 0.00, 0.00, 0.00, 0, 0, 15000000.00, '2025-08-04 10:46:32'),
(2, '6', 'Retno Indrawardani', 'AMM', '2025-08', 0, 0, 0, 7000000.00, 0.00, 0.00, 0.00, 0, 0, 7000000.00, '2025-08-04 10:46:32'),
(3, '7', 'Muhammad Ilham', 'OB', '2025-08', 0, 0, 0, 4000000.00, 0.00, 0.00, 0.00, 0, 0, 4000000.00, '2025-08-04 10:46:32'),
(4, '8', 'Rani Agisviane', 'AMM', '2025-08', 0, 0, 0, 7000000.00, 0.00, 0.00, 0.00, 0, 0, 7000000.00, '2025-08-04 10:46:32'),
(5, '9', 'Rina Sally Stevani', 'BM', '2025-08', 0, 0, 0, 10000000.00, 0.00, 0.00, 0.00, 0, 0, 10000000.00, '2025-08-04 10:46:32'),
(6, '10', 'Dwi nofa ramdani', 'Admin', '2025-08', 0, 0, 0, 5000000.00, 0.00, 0.00, 0.00, 0, 0, 5000000.00, '2025-08-04 10:46:32'),
(7, '11', 'Ralda Thalia Andi Roy', 'AMM', '2025-08', 0, 0, 0, 7000000.00, 0.00, 0.00, 0.00, 0, 0, 7000000.00, '2025-08-04 10:46:32'),
(8, '12', 'Harry Damara Prastyo', 'BM', '2025-08', 0, 0, 0, 10000000.00, 0.00, 0.00, 0.00, 0, 0, 10000000.00, '2025-08-04 10:46:32'),
(9, '13', 'Ahmuy', 'AMM', '2025-08', 0, 0, 0, 7000000.00, 0.00, 0.00, 0.00, 0, 0, 7000000.00, '2025-08-04 10:46:32'),
(10, '14', 'Intan revarivera', 'AE', '2025-08', 0, 0, 0, 3000000.00, 0.00, 0.00, 0.00, 0, 0, 3000000.00, '2025-08-04 10:46:32');

-- --------------------------------------------------------

--
-- Table structure for table `karyawan`
--

CREATE TABLE `karyawan` (
  `id` int(11) NOT NULL,
  `nama` varchar(100) DEFAULT NULL,
  `jabatan` varchar(100) DEFAULT NULL,
  `no_rekening` varchar(50) DEFAULT NULL,
  `karyawan_id` varchar(10) DEFAULT NULL,
  `gaji_pokok` int(11) DEFAULT 0,
  `status` enum('Aktif','Resign','Nonaktif') DEFAULT 'Aktif',
  `tgl_masuk` date DEFAULT NULL,
  `tgl_resign` date DEFAULT NULL
) ENGINE=InnoDB DEFAULT CHARSET=utf8mb4 COLLATE=utf8mb4_general_ci;

--
-- Dumping data for table `karyawan`
--

INSERT INTO `karyawan` (`id`, `nama`, `jabatan`, `no_rekening`, `karyawan_id`, `gaji_pokok`, `status`, `tgl_masuk`, `tgl_resign`) VALUES
(5, 'Idharul Huda', 'Kacab', '5540475824', '100', 15000000, 'Aktif', '2022-01-11', '0000-00-00'),
(6, 'Retno Indrawardani', 'AMM', '2170234491', '105', 7000000, 'Aktif', '2022-06-26', '0000-00-00'),
(7, 'Muhammad Ilham', 'OB', '7005399769', '107', 4000000, 'Aktif', '2022-01-15', '0000-00-00'),
(8, 'Rani Agisviane', 'AMM', '6040636003', '125', 7000000, 'Aktif', '2023-09-02', '0000-00-00'),
(9, 'Rina Sally Stevani', 'BM', '6040636003', '136', 10000000, 'Aktif', '2023-11-21', '0000-00-00'),
(10, 'Dwi nofa ramdani', 'Admin', '7487007607', '151', 5000000, 'Aktif', '2025-10-25', '0000-00-00'),
(11, 'Ralda Thalia Andi Roy', 'AMM', '4971342701', '167', 7000000, 'Aktif', '2023-01-07', '0000-00-00'),
(12, 'Harry Damara Prastyo', 'BM', '6640466381', '178', 10000000, 'Aktif', '2023-02-22', '0000-00-00'),
(13, 'Ahmuy', 'AMM', '7615727334', '180', 7000000, 'Aktif', '2023-02-22', '0000-00-00'),
(14, 'Intan revarivera', 'AE', '7540400827', '233', 3000000, 'Aktif', '2024-06-25', '0000-00-00');

-- --------------------------------------------------------

--
-- Table structure for table `komisi`
--

CREATE TABLE `komisi` (
  `id` int(11) NOT NULL,
  `tanggal` date DEFAULT NULL,
  `id_karyawan` int(11) DEFAULT NULL,
  `nama_nasabah` varchar(100) DEFAULT NULL,
  `slot` decimal(10,2) DEFAULT NULL,
  `rate_per_lot` int(11) DEFAULT NULL,
  `total_komisi` int(11) DEFAULT NULL,
  `kategori` enum('mini','reg') DEFAULT NULL
) ENGINE=InnoDB DEFAULT CHARSET=utf8mb4 COLLATE=utf8mb4_general_ci;

-- --------------------------------------------------------

--
-- Table structure for table `mutasi_kantor`
--

CREATE TABLE `mutasi_kantor` (
  `id` int(11) NOT NULL,
  `tanggal` date DEFAULT NULL,
  `jenis_pemasukan` varchar(100) DEFAULT NULL,
  `nominal` int(11) DEFAULT NULL,
  `keterangan` text DEFAULT NULL
) ENGINE=InnoDB DEFAULT CHARSET=utf8mb4 COLLATE=utf8mb4_general_ci;

--
-- Dumping data for table `mutasi_kantor`
--

INSERT INTO `mutasi_kantor` (`id`, `tanggal`, `jenis_pemasukan`, `nominal`, `keterangan`) VALUES
(2, '2025-06-05', 'Masuk', 20000000, 'Patty cash'),
(3, '2025-06-09', 'Masuk', 13372500, 'Komisi'),
(4, '2025-06-13', 'Masuk', 10000000, 'Patty cash'),
(5, '2025-06-24', 'Masuk', 5000000, 'Patty Cash'),
(6, '2025-06-30', 'Masuk', 37165000, 'Gaji Karyawan'),
(7, '2025-06-30', 'Masuk', 1098653, 'Credit Card April'),
(8, '2025-02-16', 'Masuk', 233182, 'Saldo Awal');

-- --------------------------------------------------------

--
-- Table structure for table `net_margin`
--

CREATE TABLE `net_margin` (
  `id` int(11) NOT NULL,
  `tanggal` date DEFAULT NULL,
  `nama_nasabah` varchar(100) DEFAULT NULL,
  `new_account` int(11) DEFAULT NULL,
  `inject` int(11) DEFAULT NULL,
  `withdraw` int(11) DEFAULT NULL,
  `nama_marketing` varchar(100) DEFAULT NULL
) ENGINE=InnoDB DEFAULT CHARSET=utf8mb4 COLLATE=utf8mb4_general_ci;

-- --------------------------------------------------------

--
-- Table structure for table `pettycash`
--

CREATE TABLE `pettycash` (
  `id` int(11) NOT NULL,
  `tanggal` date DEFAULT NULL,
  `kategori` enum('air_galon','bensin','lainnya','bulanan') NOT NULL,
  `keterangan` text DEFAULT NULL,
  `nominal` int(11) DEFAULT NULL,
  `created_at` timestamp NOT NULL DEFAULT current_timestamp(),
  `updated_at` timestamp NOT NULL DEFAULT current_timestamp() ON UPDATE current_timestamp()
) ENGINE=InnoDB DEFAULT CHARSET=utf8mb4 COLLATE=utf8mb4_general_ci;

--
-- Dumping data for table `pettycash`
--

INSERT INTO `pettycash` (`id`, `tanggal`, `kategori`, `keterangan`, `nominal`, `created_at`, `updated_at`) VALUES
(26, '2025-06-02', 'air_galon', 'Galon 5 dan Aqua', 110000, '2025-07-22 07:23:33', '2025-07-22 07:23:33'),
(27, '2025-06-02', 'lainnya', 'Beli Akun', 50000, '2025-07-22 07:24:18', '2025-07-22 07:24:18'),
(28, '2025-06-04', 'lainnya', 'Canva Pro', 10000, '2025-07-22 07:24:42', '2025-07-22 07:24:42'),
(29, '2025-06-05', 'lainnya', 'Rembes makan gathering', 5708000, '2025-07-22 07:25:57', '2025-07-22 07:25:57'),
(30, '2025-06-05', 'lainnya', 'rembes makan sate tgl', 1630000, '2025-07-22 07:26:38', '2025-07-22 07:26:38'),
(31, '2025-06-05', 'lainnya', 'Rembes villa', 2250000, '2025-07-22 07:27:10', '2025-07-22 07:27:10'),
(32, '2025-06-09', 'lainnya', 'Adjusment Gaji Pak JJ', 262000, '2025-07-22 07:27:56', '2025-07-22 07:27:56'),
(33, '2025-06-09', 'lainnya', 'Adjusment Gaji Pak Joe', 250000, '2025-07-22 07:28:21', '2025-07-22 07:28:21'),
(34, '2025-06-09', 'lainnya', 'Remebes toll guci ', 146000, '2025-07-22 07:29:09', '2025-07-22 07:29:09'),
(35, '2025-06-09', 'bensin', 'Rembes pak irul', 175000, '2025-07-22 07:29:44', '2025-07-22 07:29:44'),
(36, '2025-06-09', 'bensin', 'Rembes bu Sally', 188000, '2025-07-22 07:30:13', '2025-07-22 07:30:13'),
(37, '2025-06-09', 'bensin', 'Rembes bu sally', 100000, '2025-07-22 07:30:37', '2025-07-22 07:30:37'),
(38, '2025-06-09', 'bensin', 'Rembes pak joe', 150000, '2025-07-22 07:31:04', '2025-07-22 07:31:04'),
(39, '2025-06-09', 'bensin', 'Rembes pak damar', 74500, '2025-07-22 07:31:34', '2025-07-22 07:31:34'),
(40, '2025-06-09', 'bensin', 'Rembes Bu sally\r\n\r\n\r\n', 165000, '2025-07-22 07:32:23', '2025-07-22 07:32:23'),
(41, '2025-06-09', 'bensin', 'Rembes pak andi', 50000, '2025-07-22 07:32:50', '2025-07-22 07:32:50'),
(42, '2025-06-09', 'lainnya', 'Beli di tokped', 43195, '2025-07-22 07:33:35', '2025-07-22 07:33:35'),
(43, '2025-06-09', 'air_galon', 'Galon 3', 86000, '2025-07-22 07:34:05', '2025-07-22 07:34:05'),
(44, '2025-06-09', 'bensin', 'rembes pak irul', 408000, '2025-07-22 07:34:43', '2025-07-22 07:34:43'),
(45, '2025-06-09', 'lainnya', 'Rembes tiket pesawat', 2262982, '2025-07-22 07:35:15', '2025-07-22 07:35:15'),
(46, '2025-06-09', 'bulanan', 'IPKL Ruko', 826062, '2025-07-22 07:36:07', '2025-07-22 07:36:07'),
(47, '2025-06-09', 'bulanan', 'WIFI Indihome', 497950, '2025-07-22 07:37:14', '2025-07-22 07:37:14'),
(48, '2025-06-09', 'bulanan', 'PAM', 263750, '2025-07-22 07:37:35', '2025-07-22 07:37:35'),
(49, '2025-06-11', 'bensin', 'Rembes pak irul', 367100, '2025-07-22 07:38:30', '2025-07-22 07:38:30'),
(50, '2025-06-11', 'bensin', 'Rembes pak irul', 300000, '2025-07-22 07:39:00', '2025-07-22 07:39:00'),
(51, '2025-06-12', 'lainnya', 'Belanja kebutuhan kantor', 524900, '2025-07-22 07:39:34', '2025-07-22 07:39:34'),
(52, '2025-06-12', 'lainnya', 'Rembes liwetan bu sally', 250000, '2025-07-22 07:40:06', '2025-07-22 07:40:06'),
(53, '2025-06-12', 'lainnya', 'Rembes Liwetan Nofa', 50000, '2025-07-22 07:40:27', '2025-07-22 07:40:27'),
(54, '2025-06-12', 'lainnya', 'tiktok', 111000, '2025-07-22 07:41:10', '2025-07-22 07:41:10'),
(55, '2025-06-13', 'bensin', 'Rembes Pak andi', 150000, '2025-07-22 07:41:36', '2025-07-22 07:41:36'),
(56, '2025-06-13', 'bensin', 'Rembes Pak joe', 82000, '2025-07-22 07:43:57', '2025-07-22 07:43:57'),
(57, '2025-06-13', 'bensin', 'Rembes Pak Irul', 211000, '2025-07-22 07:44:28', '2025-07-22 07:44:28'),
(58, '2025-06-16', 'air_galon', 'Galon', 110000, '2025-07-22 07:44:55', '2025-07-22 07:44:55'),
(59, '2025-06-16', 'lainnya', 'Gas Kantor', 62499, '2025-07-22 07:45:21', '2025-07-22 07:45:21'),
(60, '2025-06-16', 'lainnya', 'Bahan liwetan (-)', 44200, '2025-07-22 07:45:52', '2025-07-22 07:45:52'),
(61, '2025-06-16', 'lainnya', 'Rembes makan', 338195, '2025-07-22 07:46:19', '2025-07-22 07:46:19'),
(62, '2025-06-16', 'bensin', 'Rembes Pak andi', 150000, '2025-07-22 07:46:43', '2025-07-22 07:46:43'),
(63, '2025-06-16', 'bensin', 'Rembes Pak irul', 100000, '2025-07-22 07:47:01', '2025-07-22 07:47:01'),
(64, '2025-06-16', 'bensin', 'Rembes bu sally', 164000, '2025-07-22 07:47:27', '2025-07-22 07:47:27'),
(65, '2025-06-16', 'lainnya', 'rembes - liwetan', 55000, '2025-07-22 07:47:50', '2025-07-22 07:47:50'),
(66, '2025-06-16', 'lainnya', 'rembes - liwetan', 50000, '2025-07-22 07:48:10', '2025-07-22 07:48:10'),
(67, '2025-06-17', 'bensin', 'Rembes Pak irul', 308000, '2025-07-22 07:48:57', '2025-07-22 07:48:57'),
(68, '2025-06-17', 'bensin', 'Rembes Pak irul', 290900, '2025-07-22 07:49:27', '2025-07-22 07:49:27'),
(69, '2025-06-18', 'lainnya', 'Kertas A4', 101500, '2025-07-22 07:49:48', '2025-07-22 07:49:48'),
(70, '2025-06-19', 'bensin', 'Rembes Pak Irul', 100000, '2025-07-22 07:50:29', '2025-07-22 07:50:29'),
(71, '2025-06-24', 'bulanan', 'Token Listrik', 1003000, '2025-07-22 07:51:02', '2025-07-22 07:51:02'),
(72, '2025-06-24', 'bensin', 'Rembes Pak Irul', 28000, '2025-07-22 07:51:32', '2025-07-22 07:51:32'),
(73, '2025-06-24', 'bensin', 'Rembes Bu sally', 243500, '2025-07-22 07:52:00', '2025-07-22 07:52:00'),
(74, '2025-06-24', 'air_galon', 'galon 3\r\n\r\n', 86000, '2025-07-22 07:52:59', '2025-07-22 07:52:59'),
(75, '2024-06-24', 'bensin', 'Rembes Pak joe', 100000, '2025-07-22 07:53:21', '2025-07-23 07:30:22'),
(76, '2025-06-24', 'bensin', 'Rembes Pak Irul', 139000, '2025-07-22 07:53:43', '2025-07-22 07:53:43'),
(77, '2025-06-24', 'bensin', 'Rembes Pak damar', 127500, '2025-07-22 07:54:02', '2025-07-22 07:54:02'),
(78, '2025-06-24', 'bensin', 'Rembes Pak Irul', 328000, '2025-07-22 07:54:18', '2025-07-22 07:54:18'),
(79, '2025-06-24', 'bensin', 'Rembes bu sally', 300000, '2025-07-22 07:54:51', '2025-07-22 07:54:51'),
(80, '2025-06-25', 'lainnya', '-', 73900, '2025-07-22 07:55:17', '2025-07-22 07:55:17'),
(81, '2025-06-25', 'lainnya', 'Tokped', 107138, '2025-07-22 07:55:38', '2025-07-22 07:55:38'),
(82, '2025-06-25', 'lainnya', 'tokped', 56502, '2025-07-22 07:56:11', '2025-07-22 07:56:11'),
(83, '2025-06-26', 'air_galon', 'Galon 3', 86000, '2025-07-22 07:56:42', '2025-07-22 07:56:42'),
(84, '2025-06-26', 'bensin', 'Rembs bu sally', 225000, '2025-07-22 07:57:24', '2025-07-22 07:57:24'),
(85, '2025-06-27', 'bensin', 'Rembes Pak Irul', 300000, '2025-07-22 07:58:59', '2025-07-22 07:58:59'),
(86, '2025-06-30', 'bensin', 'Rembes Pak Andi', 200000, '2025-07-22 07:59:27', '2025-07-22 07:59:27');

-- --------------------------------------------------------

--
-- Table structure for table `rekap_laporan`
--

CREATE TABLE `rekap_laporan` (
  `id` int(11) NOT NULL,
  `tanggal` date DEFAULT NULL,
  `bulan` varchar(20) DEFAULT NULL,
  `total_pemasukan` int(11) DEFAULT NULL,
  `total_pengeluaran` int(11) DEFAULT NULL,
  `sisa_kas` int(11) DEFAULT NULL
) ENGINE=InnoDB DEFAULT CHARSET=utf8mb4 COLLATE=utf8mb4_general_ci;

--
-- Dumping data for table `rekap_laporan`
--

INSERT INTO `rekap_laporan` (`id`, `tanggal`, `bulan`, `total_pemasukan`, `total_pengeluaran`, `sisa_kas`) VALUES
(1, '2025-04-01', 'April', 100000000, 40000000, 60000000);

-- --------------------------------------------------------

--
-- Table structure for table `rekap_lembur`
--

CREATE TABLE `rekap_lembur` (
  `id` int(11) NOT NULL,
  `karyawan_id` int(11) NOT NULL,
  `tanggal` date NOT NULL,
  `jam_mulai` time NOT NULL,
  `jam_selesai` time NOT NULL,
  `tujuan` text DEFAULT NULL,
  `uang_makan` int(11) DEFAULT 0,
  `created_at` timestamp NOT NULL DEFAULT current_timestamp()
) ENGINE=InnoDB DEFAULT CHARSET=utf8mb4 COLLATE=utf8mb4_general_ci;

--
-- Dumping data for table `rekap_lembur`
--

INSERT INTO `rekap_lembur` (`id`, `karyawan_id`, `tanggal`, `jam_mulai`, `jam_selesai`, `tujuan`, `uang_makan`, `created_at`) VALUES
(3, 10, '2025-08-02', '17:00:00', '23:00:00', 'sentul', 40000, '2025-08-01 07:41:14');

-- --------------------------------------------------------

--
-- Table structure for table `users`
--

CREATE TABLE `users` (
  `id` int(11) NOT NULL,
  `nama` varchar(100) DEFAULT NULL,
  `username` varchar(50) DEFAULT NULL,
  `password` varchar(255) DEFAULT NULL,
  `role` enum('admin','kepala_cabang') DEFAULT NULL
) ENGINE=InnoDB DEFAULT CHARSET=utf8mb4 COLLATE=utf8mb4_general_ci;

--
-- Dumping data for table `users`
--

INSERT INTO `users` (`id`, `nama`, `username`, `password`, `role`) VALUES
(1, 'Admin MAB', 'nofa', '<?= password_hash(\"admin123\", PASSWORD_DEFAULT) ?>', 'admin'),
(3, 'Admin MAB', 'admin1', '$2y$10$SlgjSlnRfaNH2lkwu47x5urbH/mfwv7GiVCgsPJGbdN7KRuJNkTte', 'admin');

--
-- Indexes for dumped tables
--

--
-- Indexes for table `absensi`
--
ALTER TABLE `absensi`
  ADD PRIMARY KEY (`id`);

--
-- Indexes for table `cash_advance`
--
ALTER TABLE `cash_advance`
  ADD PRIMARY KEY (`id`),
  ADD KEY `id_karyawan` (`id_karyawan`);

--
-- Indexes for table `fixed_variable_cost`
--
ALTER TABLE `fixed_variable_cost`
  ADD PRIMARY KEY (`id`);

--
-- Indexes for table `gaji`
--
ALTER TABLE `gaji`
  ADD PRIMARY KEY (`id`);

--
-- Indexes for table `karyawan`
--
ALTER TABLE `karyawan`
  ADD PRIMARY KEY (`id`);

--
-- Indexes for table `komisi`
--
ALTER TABLE `komisi`
  ADD PRIMARY KEY (`id`),
  ADD KEY `id_karyawan` (`id_karyawan`);

--
-- Indexes for table `mutasi_kantor`
--
ALTER TABLE `mutasi_kantor`
  ADD PRIMARY KEY (`id`);

--
-- Indexes for table `net_margin`
--
ALTER TABLE `net_margin`
  ADD PRIMARY KEY (`id`);

--
-- Indexes for table `pettycash`
--
ALTER TABLE `pettycash`
  ADD PRIMARY KEY (`id`);

--
-- Indexes for table `rekap_laporan`
--
ALTER TABLE `rekap_laporan`
  ADD PRIMARY KEY (`id`);

--
-- Indexes for table `rekap_lembur`
--
ALTER TABLE `rekap_lembur`
  ADD PRIMARY KEY (`id`),
  ADD KEY `pegawai_id` (`karyawan_id`);

--
-- Indexes for table `users`
--
ALTER TABLE `users`
  ADD PRIMARY KEY (`id`),
  ADD UNIQUE KEY `username` (`username`);

--
-- AUTO_INCREMENT for dumped tables
--

--
-- AUTO_INCREMENT for table `absensi`
--
ALTER TABLE `absensi`
  MODIFY `id` int(11) NOT NULL AUTO_INCREMENT, AUTO_INCREMENT=376;

--
-- AUTO_INCREMENT for table `cash_advance`
--
ALTER TABLE `cash_advance`
  MODIFY `id` int(11) NOT NULL AUTO_INCREMENT;

--
-- AUTO_INCREMENT for table `fixed_variable_cost`
--
ALTER TABLE `fixed_variable_cost`
  MODIFY `id` int(11) NOT NULL AUTO_INCREMENT, AUTO_INCREMENT=20;

--
-- AUTO_INCREMENT for table `gaji`
--
ALTER TABLE `gaji`
  MODIFY `id` int(11) NOT NULL AUTO_INCREMENT, AUTO_INCREMENT=11;

--
-- AUTO_INCREMENT for table `karyawan`
--
ALTER TABLE `karyawan`
  MODIFY `id` int(11) NOT NULL AUTO_INCREMENT, AUTO_INCREMENT=15;

--
-- AUTO_INCREMENT for table `komisi`
--
ALTER TABLE `komisi`
  MODIFY `id` int(11) NOT NULL AUTO_INCREMENT;

--
-- AUTO_INCREMENT for table `mutasi_kantor`
--
ALTER TABLE `mutasi_kantor`
  MODIFY `id` int(11) NOT NULL AUTO_INCREMENT, AUTO_INCREMENT=9;

--
-- AUTO_INCREMENT for table `net_margin`
--
ALTER TABLE `net_margin`
  MODIFY `id` int(11) NOT NULL AUTO_INCREMENT;

--
-- AUTO_INCREMENT for table `pettycash`
--
ALTER TABLE `pettycash`
  MODIFY `id` int(11) NOT NULL AUTO_INCREMENT, AUTO_INCREMENT=87;

--
-- AUTO_INCREMENT for table `rekap_laporan`
--
ALTER TABLE `rekap_laporan`
  MODIFY `id` int(11) NOT NULL AUTO_INCREMENT, AUTO_INCREMENT=2;

--
-- AUTO_INCREMENT for table `rekap_lembur`
--
ALTER TABLE `rekap_lembur`
  MODIFY `id` int(11) NOT NULL AUTO_INCREMENT, AUTO_INCREMENT=4;

--
-- AUTO_INCREMENT for table `users`
--
ALTER TABLE `users`
  MODIFY `id` int(11) NOT NULL AUTO_INCREMENT, AUTO_INCREMENT=4;

--
-- Constraints for dumped tables
--

--
-- Constraints for table `cash_advance`
--
ALTER TABLE `cash_advance`
  ADD CONSTRAINT `cash_advance_ibfk_1` FOREIGN KEY (`id_karyawan`) REFERENCES `karyawan` (`id`);

--
-- Constraints for table `komisi`
--
ALTER TABLE `komisi`
  ADD CONSTRAINT `komisi_ibfk_1` FOREIGN KEY (`id_karyawan`) REFERENCES `karyawan` (`id`);

--
-- Constraints for table `rekap_lembur`
--
ALTER TABLE `rekap_lembur`
  ADD CONSTRAINT `rekap_lembur_ibfk_1` FOREIGN KEY (`karyawan_id`) REFERENCES `karyawan` (`id`) ON DELETE CASCADE;
COMMIT;

/*!40101 SET CHARACTER_SET_CLIENT=@OLD_CHARACTER_SET_CLIENT */;
/*!40101 SET CHARACTER_SET_RESULTS=@OLD_CHARACTER_SET_RESULTS */;
/*!40101 SET COLLATION_CONNECTION=@OLD_COLLATION_CONNECTION */;
